Post #,Title,State,Caption,Blog URL,Status
1,Facing Foreclosure in Maryland? Your Options to Sell Fast and Protect Your Credit,MD,"Facing Foreclosure in Maryland? You have options.

Don't wait — the sooner you act, the more choices you have.

#RealEstate #MD #Foreclosure #CashBuyer",https://www.parlevugloballlc.com/blog-foreclosure-md.html,published
2,Facing Foreclosure in Virginia? Your Options to Sell Fast and Protect Your Credit,VA,"Facing Foreclosure in Virginia? You have options.

Don't wait — the sooner you act, the more choices you have.

#RealEstate #VA #Foreclosure #CashBuyer",https://www.parlevugloballlc.com/blog-foreclosure-va.html,published
3,Facing Foreclosure in Washington DC? Your Options to Sell Fast and Protect Your Credit,DC,"Facing Foreclosure in Washington DC? You have options.

Don't wait — the sooner you act, the more choices you have.

#RealEstate #DC #Foreclosure #CashBuyer",https://www.parlevugloballlc.com/blog-foreclosure-dc.html,generated
4,"Selling an Inherited House in Maryland: Probate Rules, Taxes, and Your Fastest Options",MD,"Inherited a property? We can help. Sell fast. No probate delays.

#RealEstate #MD #Inheritance #CashBuyer",https://www.parlevugloballlc.com/blog-inherited-probate-md.html,generated
5,"Selling an Inherited House in Virginia: Probate Rules, Taxes, and Your Fastest Options",VA,"Inherited a property? We can help. Sell fast. No probate delays.

#RealEstate #VA #Inheritance #CashBuyer",https://www.parlevugloballlc.com/blog-inherited-probate-va.html,generated
6,"Selling an Inherited House in Washington DC: Probate Rules, Taxes, and Your Fastest Options",DC,"Inherited a property? We can help. Sell fast. No probate delays.

#RealEstate #DC #Inheritance #CashBuyer",https://www.parlevugloballlc.com/blog-inherited-probate-dc.html,generated
7,Selling a House During Divorce in Maryland: A Clear Path Forward,MD,"Learn the truth about selling your Maryland home. Real guidance. No fluff.

#RealEstate #MD #CashBuyer",https://www.parlevugloballlc.com/blog-divorce-md.html,generated
8,Selling a House During Divorce in Virginia: A Clear Path Forward,VA,"Learn the truth about selling your Virginia home. Real guidance. No fluff.

#RealEstate #VA #CashBuyer",https://www.parlevugloballlc.com/blog-divorce-va.html,generated
9,Selling a House During Divorce in Washington DC: A Clear Path Forward,DC,"Learn the truth about selling your Washington DC home. Real guidance. No fluff.

#RealEstate #DC #CashBuyer",https://www.parlevugloballlc.com/blog-divorce-dc.html,generated
10,Can You Sell a House With Liens or Code Violations in Maryland? Yes — Here's How,MD,"Learn the truth about selling your Maryland home. Real guidance. No fluff.

#RealEstate #MD #CashBuyer",https://www.parlevugloballlc.com/blog-liens-violations-md.html,generated
11,Can You Sell a House With Liens or Code Violations in Virginia? Yes — Here's How,VA,"Learn the truth about selling your Virginia home. Real guidance. No fluff.

#RealEstate #VA #CashBuyer",https://www.parlevugloballlc.com/blog-liens-violations-va.html,generated
12,Can You Sell a House With Liens or Code Violations in Washington DC? Yes — Here's How,DC,"Learn the truth about selling your Washington DC home. Real guidance. No fluff.

#RealEstate #DC #CashBuyer",https://www.parlevugloballlc.com/blog-liens-violations-dc.html,generated
13,Selling a Fire-Damaged House in Maryland: What Insurance Won't Tell You,MD,"Learn the truth about selling your Maryland home. Real guidance. No fluff.

#RealEstate #MD #CashBuyer",https://www.parlevugloballlc.com/blog-fire-damage-md.html,generated
14,Selling a Fire-Damaged House in Virginia: What Insurance Won't Tell You,VA,"Learn the truth about selling your Virginia home. Real guidance. No fluff.

#RealEstate #VA #CashBuyer",https://www.parlevugloballlc.com/blog-fire-damage-va.html,generated
15,Selling a Fire-Damaged House in Washington DC: What Insurance Won't Tell You,DC,"Learn the truth about selling your Washington DC home. Real guidance. No fluff.

#RealEstate #DC #CashBuyer",https://www.parlevugloballlc.com/blog-fire-damage-dc.html,generated
16,Selling a House With Water Damage or Mold in Maryland,MD,"Learn the truth about selling your Maryland home. Real guidance. No fluff.

#RealEstate #MD #CashBuyer",https://www.parlevugloballlc.com/blog-water-mold-md.html,generated
17,Selling a House With Water Damage or Mold in Virginia,VA,"Learn the truth about selling your Virginia home. Real guidance. No fluff.

#RealEstate #VA #CashBuyer",https://www.parlevugloballlc.com/blog-water-mold-va.html,generated
18,Selling a House With Water Damage or Mold in Washington DC,DC,"Learn the truth about selling your Washington DC home. Real guidance. No fluff.

#RealEstate #DC #CashBuyer",https://www.parlevugloballlc.com/blog-water-mold-dc.html,generated
19,How to Sell a House With Foundation Problems in Maryland,MD,"Learn the truth about selling your Maryland home. Real guidance. No fluff.

#RealEstate #MD #CashBuyer",https://www.parlevugloballlc.com/blog-foundation-md.html,generated
20,How to Sell a House With Foundation Problems in Virginia,VA,"Learn the truth about selling your Virginia home. Real guidance. No fluff.

#RealEstate #VA #CashBuyer",https://www.parlevugloballlc.com/blog-foundation-va.html,generated
21,How to Sell a House With Foundation Problems in Washington DC,DC,"Learn the truth about selling your Washington DC home. Real guidance. No fluff.

#RealEstate #DC #CashBuyer",https://www.parlevugloballlc.com/blog-foundation-dc.html,generated
22,Selling a Hoarder House in Maryland: No Cleanout Required,MD,"Learn the truth about selling your Maryland home. Real guidance. No fluff.

#RealEstate #MD #CashBuyer",https://www.parlevugloballlc.com/blog-hoarder-house-md.html,generated
23,Selling a Hoarder House in Virginia: No Cleanout Required,VA,"Learn the truth about selling your Virginia home. Real guidance. No fluff.

#RealEstate #VA #CashBuyer",https://www.parlevugloballlc.com/blog-hoarder-house-va.html,generated
24,Selling a Hoarder House in Washington DC: No Cleanout Required,DC,"Learn the truth about selling your Washington DC home. Real guidance. No fluff.

#RealEstate #DC #CashBuyer",https://www.parlevugloballlc.com/blog-hoarder-house-dc.html,generated
25,"Selling a Rental Property With Tenants in Maryland: Rights, Rules, and Cash Options",MD,"Learn the truth about selling your Maryland home. Real guidance. No fluff.

#RealEstate #MD #CashBuyer",https://www.parlevugloballlc.com/blog-bad-tenants-md.html,generated
26,"Selling a Rental Property With Tenants in Virginia: Rights, Rules, and Cash Options",VA,"Learn the truth about selling your Virginia home. Real guidance. No fluff.

#RealEstate #VA #CashBuyer",https://www.parlevugloballlc.com/blog-bad-tenants-va.html,generated
27,"Selling a Rental Property With Tenants in Washington DC: Rights, Rules, and Cash Options",DC,"Learn the truth about selling your Washington DC home. Real guidance. No fluff.

#RealEstate #DC #CashBuyer",https://www.parlevugloballlc.com/blog-bad-tenants-dc.html,generated
28,Selling a Vacant or Abandoned House in Maryland Before It Costs You More,MD,"Learn the truth about selling your Maryland home. Real guidance. No fluff.

#RealEstate #MD #CashBuyer",https://www.parlevugloballlc.com/blog-vacant-house-md.html,generated
29,Selling a Vacant or Abandoned House in Virginia Before It Costs You More,VA,"Learn the truth about selling your Virginia home. Real guidance. No fluff.

#RealEstate #VA #CashBuyer",https://www.parlevugloballlc.com/blog-vacant-house-va.html,generated
30,Selling a Vacant or Abandoned House in Washington DC Before It Costs You More,DC,"Learn the truth about selling your Washington DC home. Real guidance. No fluff.

#RealEstate #DC #CashBuyer",https://www.parlevugloballlc.com/blog-vacant-house-dc.html,generated
31,Owe More Than Your Maryland Home Is Worth? How to Sell an Underwater House,MD,"Learn the truth about selling your Maryland home. Real guidance. No fluff.

#RealEstate #MD #CashBuyer",https://www.parlevugloballlc.com/blog-underwater-mortgage-md.html,generated
32,Owe More Than Your Virginia Home Is Worth? How to Sell an Underwater House,VA,"Learn the truth about selling your Virginia home. Real guidance. No fluff.

#RealEstate #VA #CashBuyer",https://www.parlevugloballlc.com/blog-underwater-mortgage-va.html,generated
33,Owe More Than Your Washington DC Home Is Worth? How to Sell an Underwater House,DC,"Learn the truth about selling your Washington DC home. Real guidance. No fluff.

#RealEstate #DC #CashBuyer",https://www.parlevugloballlc.com/blog-underwater-mortgage-dc.html,generated
34,Relocating From Maryland? How to Sell Your House Fast Before the Move,MD,"Learn the truth about selling your Maryland home. Real guidance. No fluff.

#RealEstate #MD #CashBuyer",https://www.parlevugloballlc.com/blog-relocation-md.html,generated
35,Relocating From Virginia? How to Sell Your House Fast Before the Move,VA,"Learn the truth about selling your Virginia home. Real guidance. No fluff.

#RealEstate #VA #CashBuyer",https://www.parlevugloballlc.com/blog-relocation-va.html,generated
36,Relocating From Washington DC? How to Sell Your House Fast Before the Move,DC,"Learn the truth about selling your Washington DC home. Real guidance. No fluff.

#RealEstate #DC #CashBuyer",https://www.parlevugloballlc.com/blog-relocation-dc.html,generated
37,Downsizing in Maryland: A Retiree's Guide to Selling Without the Stress,MD,"Learn the truth about selling your Maryland home. Real guidance. No fluff.

#RealEstate #MD #CashBuyer",https://www.parlevugloballlc.com/blog-downsizing-md.html,generated
38,Downsizing in Virginia: A Retiree's Guide to Selling Without the Stress,VA,"Learn the truth about selling your Virginia home. Real guidance. No fluff.

#RealEstate #VA #CashBuyer",https://www.parlevugloballlc.com/blog-downsizing-va.html,generated
39,Downsizing in Washington DC: A Retiree's Guide to Selling Without the Stress,DC,"Learn the truth about selling your Washington DC home. Real guidance. No fluff.

#RealEstate #DC #CashBuyer",https://www.parlevugloballlc.com/blog-downsizing-dc.html,generated
40,Sell My House Fast in Baltimore: How Cash Buyers Help Baltimore Homeowners,MD,"Sell your Baltimore home for cash in 7 days. No agent. No repairs. No commission.

Fair offer. Fast closing. Zero hassle.

#Baltimore #RealEstate #CashBuyer",https://www.parlevugloballlc.com/blog-sell-my-house-fast-baltimore.html,generated
41,Sell My House Fast in Alexandria: How Cash Buyers Help Alexandria Homeowners,VA,"Sell your Alexandria home for cash in 7 days. No agent. No repairs. No commission.

Fair offer. Fast closing. Zero hassle.

#Alexandria #RealEstate #CashBuyer",https://www.parlevugloballlc.com/blog-sell-my-house-fast-alexandria.html,generated
42,Sell My House Fast in Anacostia: How Cash Buyers Help DC Homeowners,DC,"Sell your Anacostia home for cash in 7 days. No agent. No repairs. No commission.

Fair offer. Fast closing. Zero hassle.

#Anacostia #RealEstate #CashBuyer",https://www.parlevugloballlc.com/blog-sell-my-house-fast-anacostia.html,generated
43,Sell My House Fast in Columbia: How Cash Buyers Help Columbia Homeowners,MD,"Sell your Columbia home for cash in 7 days. No agent. No repairs. No commission.

Fair offer. Fast closing. Zero hassle.

#Columbia #RealEstate #CashBuyer",https://www.parlevugloballlc.com/blog-sell-my-house-fast-columbia.html,generated
44,Sell My House Fast in Arlington: How Cash Buyers Help Arlington Homeowners,VA,"Sell your Arlington home for cash in 7 days. No agent. No repairs. No commission.

Fair offer. Fast closing. Zero hassle.

#Arlington #RealEstate #CashBuyer",https://www.parlevugloballlc.com/blog-sell-my-house-fast-arlington.html,generated
45,Sell My House Fast in Petworth: How Cash Buyers Help DC Homeowners,DC,"Sell your Petworth home for cash in 7 days. No agent. No repairs. No commission.

Fair offer. Fast closing. Zero hassle.

#Petworth #RealEstate #CashBuyer",https://www.parlevugloballlc.com/blog-sell-my-house-fast-petworth.html,generated
46,Sell My House Fast in Silver Spring: How Cash Buyers Help Silver Spring Homeowners,MD,"Sell your Silver Spring home for cash in 7 days. No agent. No repairs. No commission.

Fair offer. Fast closing. Zero hassle.

#Silver Spring #RealEstate #CashBuyer",https://www.parlevugloballlc.com/blog-sell-my-house-fast-silver-spring.html,generated
47,Sell My House Fast in Fairfax: How Cash Buyers Help Fairfax Homeowners,VA,"Sell your Fairfax home for cash in 7 days. No agent. No repairs. No commission.

Fair offer. Fast closing. Zero hassle.

#Fairfax #RealEstate #CashBuyer",https://www.parlevugloballlc.com/blog-sell-my-house-fast-fairfax.html,generated
48,Sell My House Fast in Brookland: How Cash Buyers Help DC Homeowners,DC,"Sell your Brookland home for cash in 7 days. No agent. No repairs. No commission.

Fair offer. Fast closing. Zero hassle.

#Brookland #RealEstate #CashBuyer",https://www.parlevugloballlc.com/blog-sell-my-house-fast-brookland.html,generated
49,Sell My House Fast in Rockville: How Cash Buyers Help Rockville Homeowners,MD,"Sell your Rockville home for cash in 7 days. No agent. No repairs. No commission.

Fair offer. Fast closing. Zero hassle.

#Rockville #RealEstate #CashBuyer",https://www.parlevugloballlc.com/blog-sell-my-house-fast-rockville.html,generated
50,Sell My House Fast in Woodbridge: How Cash Buyers Help Woodbridge Homeowners,VA,"Sell your Woodbridge home for cash in 7 days. No agent. No repairs. No commission.

Fair offer. Fast closing. Zero hassle.

#Woodbridge #RealEstate #CashBuyer",https://www.parlevugloballlc.com/blog-sell-my-house-fast-woodbridge.html,generated
51,Sell My House Fast in Columbia Heights: How Cash Buyers Help DC Homeowners,DC,"Sell your Columbia Heights home for cash in 7 days. No agent. No repairs. No commission.

Fair offer. Fast closing. Zero hassle.

#Columbia Heights #RealEstate #CashBuyer",https://www.parlevugloballlc.com/blog-sell-my-house-fast-columbia-heights.html,generated
52,Sell My House Fast in Frederick: How Cash Buyers Help Frederick Homeowners,MD,"Sell your Frederick home for cash in 7 days. No agent. No repairs. No commission.

Fair offer. Fast closing. Zero hassle.

#Frederick #RealEstate #CashBuyer",https://www.parlevugloballlc.com/blog-sell-my-house-fast-frederick.html,generated
53,Sell My House Fast in Manassas: How Cash Buyers Help Manassas Homeowners,VA,"Sell your Manassas home for cash in 7 days. No agent. No repairs. No commission.

Fair offer. Fast closing. Zero hassle.

#Manassas #RealEstate #CashBuyer",https://www.parlevugloballlc.com/blog-sell-my-house-fast-manassas.html,generated
54,Sell My House Fast in Deanwood: How Cash Buyers Help DC Homeowners,DC,"Sell your Deanwood home for cash in 7 days. No agent. No repairs. No commission.

Fair offer. Fast closing. Zero hassle.

#Deanwood #RealEstate #CashBuyer",https://www.parlevugloballlc.com/blog-sell-my-house-fast-deanwood.html,generated
55,Sell My House Fast in Annapolis: How Cash Buyers Help Annapolis Homeowners,MD,"Sell your Annapolis home for cash in 7 days. No agent. No repairs. No commission.

Fair offer. Fast closing. Zero hassle.

#Annapolis #RealEstate #CashBuyer",https://www.parlevugloballlc.com/blog-sell-my-house-fast-annapolis.html,generated
56,Sell My House Fast in Fredericksburg: How Cash Buyers Help Fredericksburg Homeowners,VA,"Sell your Fredericksburg home for cash in 7 days. No agent. No repairs. No commission.

Fair offer. Fast closing. Zero hassle.

#Fredericksburg #RealEstate #CashBuyer",https://www.parlevugloballlc.com/blog-sell-my-house-fast-fredericksburg.html,generated
57,Sell My House Fast in Congress Heights: How Cash Buyers Help DC Homeowners,DC,"Sell your Congress Heights home for cash in 7 days. No agent. No repairs. No commission.

Fair offer. Fast closing. Zero hassle.

#Congress Heights #RealEstate #CashBuyer",https://www.parlevugloballlc.com/blog-sell-my-house-fast-congress-heights.html,generated
58,Sell My House Fast in Bowie: How Cash Buyers Help Bowie Homeowners,MD,"Sell your Bowie home for cash in 7 days. No agent. No repairs. No commission.

Fair offer. Fast closing. Zero hassle.

#Bowie #RealEstate #CashBuyer",https://www.parlevugloballlc.com/blog-sell-my-house-fast-bowie.html,generated
59,Sell My House Fast in Richmond: How Cash Buyers Help Richmond Homeowners,VA,"Sell your Richmond home for cash in 7 days. No agent. No repairs. No commission.

Fair offer. Fast closing. Zero hassle.

#Richmond #RealEstate #CashBuyer",https://www.parlevugloballlc.com/blog-sell-my-house-fast-richmond.html,generated
60,Sell My House Fast in Fort Totten: How Cash Buyers Help DC Homeowners,DC,"Sell your Fort Totten home for cash in 7 days. No agent. No repairs. No commission.

Fair offer. Fast closing. Zero hassle.

#Fort Totten #RealEstate #CashBuyer",https://www.parlevugloballlc.com/blog-sell-my-house-fast-fort-totten.html,generated
61,Sell My House Fast in Glen Burnie: How Cash Buyers Help Glen Burnie Homeowners,MD,"Sell your Glen Burnie home for cash in 7 days. No agent. No repairs. No commission.

Fair offer. Fast closing. Zero hassle.

#Glen Burnie #RealEstate #CashBuyer",https://www.parlevugloballlc.com/blog-sell-my-house-fast-glen-burnie.html,generated
62,Sell My House Fast in Norfolk: How Cash Buyers Help Norfolk Homeowners,VA,"Sell your Norfolk home for cash in 7 days. No agent. No repairs. No commission.

Fair offer. Fast closing. Zero hassle.

#Norfolk #RealEstate #CashBuyer",https://www.parlevugloballlc.com/blog-sell-my-house-fast-norfolk.html,generated
63,Sell My House Fast in Shaw: How Cash Buyers Help DC Homeowners,DC,"Sell your Shaw home for cash in 7 days. No agent. No repairs. No commission.

Fair offer. Fast closing. Zero hassle.

#Shaw #RealEstate #CashBuyer",https://www.parlevugloballlc.com/blog-sell-my-house-fast-shaw.html,generated
64,Sell My House Fast in Dundalk: How Cash Buyers Help Dundalk Homeowners,MD,"Sell your Dundalk home for cash in 7 days. No agent. No repairs. No commission.

Fair offer. Fast closing. Zero hassle.

#Dundalk #RealEstate #CashBuyer",https://www.parlevugloballlc.com/blog-sell-my-house-fast-dundalk.html,generated
65,Sell My House Fast in Virginia Beach: How Cash Buyers Help Virginia Beach Homeowners,VA,"Sell your Virginia Beach home for cash in 7 days. No agent. No repairs. No commission.

Fair offer. Fast closing. Zero hassle.

#Virginia Beach #RealEstate #CashBuyer",https://www.parlevugloballlc.com/blog-sell-my-house-fast-virginia-beach.html,generated
66,Sell My House Fast in Trinidad: How Cash Buyers Help DC Homeowners,DC,"Sell your Trinidad home for cash in 7 days. No agent. No repairs. No commission.

Fair offer. Fast closing. Zero hassle.

#Trinidad #RealEstate #CashBuyer",https://www.parlevugloballlc.com/blog-sell-my-house-fast-trinidad.html,generated
67,Sell My House Fast in Towson: How Cash Buyers Help Towson Homeowners,MD,"Sell your Towson home for cash in 7 days. No agent. No repairs. No commission.

Fair offer. Fast closing. Zero hassle.

#Towson #RealEstate #CashBuyer",https://www.parlevugloballlc.com/blog-sell-my-house-fast-towson.html,generated
68,Sell My House Fast in Chesapeake: How Cash Buyers Help Chesapeake Homeowners,VA,"Sell your Chesapeake home for cash in 7 days. No agent. No repairs. No commission.

Fair offer. Fast closing. Zero hassle.

#Chesapeake #RealEstate #CashBuyer",https://www.parlevugloballlc.com/blog-sell-my-house-fast-chesapeake.html,generated
69,Sell My House Fast in Capitol Hill: How Cash Buyers Help DC Homeowners,DC,"Sell your Capitol Hill home for cash in 7 days. No agent. No repairs. No commission.

Fair offer. Fast closing. Zero hassle.

#Capitol Hill #RealEstate #CashBuyer",https://www.parlevugloballlc.com/blog-sell-my-house-fast-capitol-hill.html,generated
70,Sell My House Fast in Upper Marlboro: How Cash Buyers Help Upper Marlboro Homeowners,MD,"Sell your Upper Marlboro home for cash in 7 days. No agent. No repairs. No commission.

Fair offer. Fast closing. Zero hassle.

#Upper Marlboro #RealEstate #CashBuyer",https://www.parlevugloballlc.com/blog-sell-my-house-fast-upper-marlboro.html,generated
71,Sell My House Fast in Hampton: How Cash Buyers Help Hampton Homeowners,VA,"Sell your Hampton home for cash in 7 days. No agent. No repairs. No commission.

Fair offer. Fast closing. Zero hassle.

#Hampton #RealEstate #CashBuyer",https://www.parlevugloballlc.com/blog-sell-my-house-fast-hampton.html,generated
72,Sell My House Fast in Ivy City: How Cash Buyers Help DC Homeowners,DC,"Sell your Ivy City home for cash in 7 days. No agent. No repairs. No commission.

Fair offer. Fast closing. Zero hassle.

#Ivy City #RealEstate #CashBuyer",https://www.parlevugloballlc.com/blog-sell-my-house-fast-ivy-city.html,generated
73,Sell My House Fast in Waldorf: How Cash Buyers Help Waldorf Homeowners,MD,"Sell your Waldorf home for cash in 7 days. No agent. No repairs. No commission.

Fair offer. Fast closing. Zero hassle.

#Waldorf #RealEstate #CashBuyer",https://www.parlevugloballlc.com/blog-sell-my-house-fast-waldorf.html,generated
